45,bluedogggo@gmail.com,bark,woof,2022-06-15 10:45:01-07
50,ryanlevee@gmail.com,test,test,2022-06-10 10:45:01-07
43,bluedogggo@gmail.com,woof,bark woof woof bark woof woof bark woof woof bark woof woof bark woof woof bark woof woof bark woof woof bark woof woof bark woof woof bark woof woof bark woof woof bark woof woof bark woof woof bark woof woof bark woof woof bark woof woof bark woof woof bark woof woof bark woof woof bark woof woof bark woof woof bark woof woof bark woof woof bark woof woof,2022-06-05 10:45:01-07
56,bluedogggo@gmail.com,test,test,2022-06-26 21:38:53.543246-07
57,ryanlevee@gmail.com,test,test,2022-06-27 01:46:15.839333-07
59,ryanlevee@gmail.com,test,test,2022-06-27 02:00:47.024953-07
60,ryanlevee@gmail.com,test,test,2022-06-27 02:01:42.84483-07
